id,kind,classification,item,evidence,owner,deficiency,next_action
"finding.authclaims_1_1_shape.dod","dod","INPL","DoD for AuthClaims 1.1 shape tests","auth-claims-1.1 tests; fixtures","OpenClaw","—","Codex verify DoD"
"finding.authclaims_1_1_shape.evidence_requirement","evidence_requirement","INPL","Evidence requirement for AuthClaims 1.1 shape tests","auth-claims-1.1 tests; fixtures","OpenClaw","Live/stage residual unproven","Codex verify"
"finding.authclaims_1_1_shape.risk","risk","INPL","Risk for AuthClaims 1.1 shape tests","auth-claims-1.1 tests; fixtures","OpenClaw","Live/stage residual unproven","Codex assess residual risk"
"finding.authclaims_1_1_shape.task","task","INPL","AuthClaims 1.1 shape tests","auth-claims-1.1 tests; fixtures","OpenClaw","Live/stage residual unproven","Codex verify"
"finding.authclaims_1_1_shape.test","test","INPL","Test for AuthClaims 1.1 shape tests","auth-claims-1.1 tests; fixtures","OpenClaw","Live/stage residual unproven","Codex verify"
"finding.brain_four_flag_wiring.dod","dod","INPL","DoD for Brain four-flag MCP wiring","extensions/linkbrain/**; extensions/linkskills/**; MCP seam tests; tip suite 31/203","OpenClaw","—","Codex verify DoD"
"finding.brain_four_flag_wiring.evidence_requirement","evidence_requirement","INPL","Evidence requirement for Brain four-flag MCP wiring","extensions/linkbrain/**; extensions/linkskills/**; MCP seam tests; tip suite 31/203","OpenClaw","Live/stage residual unproven","Codex verify"
"finding.brain_four_flag_wiring.risk","risk","INPL","Risk for Brain four-flag MCP wiring","extensions/linkbrain/**; extensions/linkskills/**; MCP seam tests; tip suite 31/203","OpenClaw","Live/stage residual unproven","Codex assess residual risk"
"finding.brain_four_flag_wiring.task","task","INPL","Brain four-flag MCP wiring","extensions/linkbrain/**; extensions/linkskills/**; MCP seam tests; tip suite 31/203","OpenClaw","Live/stage residual unproven","Codex verify"
"finding.brain_four_flag_wiring.test","test","INPL","Test for Brain four-flag MCP wiring","extensions/linkbrain/**; extensions/linkskills/**; MCP seam tests; tip suite 31/203","OpenClaw","Live/stage residual unproven","Codex verify"
"finding.catalog_listtools_flags.dod","dod","INPL","DoD for Catalog listTools exposure under flags","extensions/linkbrain/**; extensions/linkskills/**; MCP seam tests; tip suite 31/203","OpenClaw","—","Codex verify DoD"
"finding.catalog_listtools_flags.evidence_requirement","evidence_requirement","INPL","Evidence requirement for Catalog listTools exposure under flags","extensions/linkbrain/**; extensions/linkskills/**; MCP seam tests; tip suite 31/203","OpenClaw","Live/stage residual unproven","Codex verify"
"finding.catalog_listtools_flags.risk","risk","INPL","Risk for Catalog listTools exposure under flags","extensions/linkbrain/**; extensions/linkskills/**; MCP seam tests; tip suite 31/203","OpenClaw","Live/stage residual unproven","Codex assess residual risk"
"finding.catalog_listtools_flags.task","task","INPL","Catalog listTools exposure under flags","extensions/linkbrain/**; extensions/linkskills/**; MCP seam tests; tip suite 31/203","OpenClaw","Live/stage residual unproven","Codex verify"
"finding.catalog_listtools_flags.test","test","INPL","Test for Catalog listTools exposure under flags","extensions/linkbrain/**; extensions/linkskills/**; MCP seam tests; tip suite 31/203","OpenClaw","Live/stage residual unproven","Codex verify"
"finding.drain_ownership_storm.dod","dod","INPL","DoD for Drain ownership storm","extensions/linkbrain/**; extensions/linkskills/**; MCP seam tests; tip suite 31/203","OpenClaw","—","Codex verify DoD"
"finding.drain_ownership_storm.evidence_requirement","evidence_requirement","INPL","Evidence requirement for Drain ownership storm","extensions/linkbrain/**; extensions/linkskills/**; MCP seam tests; tip suite 31/203","OpenClaw","Live/stage residual unproven","Codex verify"
"finding.drain_ownership_storm.risk","risk","INPL","Risk for Drain ownership storm","extensions/linkbrain/**; extensions/linkskills/**; MCP seam tests; tip suite 31/203","OpenClaw","Live/stage residual unproven","Codex assess residual risk"
"finding.drain_ownership_storm.task","task","INPL","Drain ownership storm","extensions/linkbrain/**; extensions/linkskills/**; MCP seam tests; tip suite 31/203","OpenClaw","Live/stage residual unproven","Codex verify"
"finding.drain_ownership_storm.test","test","INPL","Test for Drain ownership storm","extensions/linkbrain/**; extensions/linkskills/**; MCP seam tests; tip suite 31/203","OpenClaw","Live/stage residual unproven","Codex verify"
"finding.public_mcp_toolfilter_api.dod","dod","INPL","DoD for Public MCP toolFilter API","MCP-TOOLFILTER-SDK-SEAM-IMPLEMENTED.md; catalog/hot tests; feature-flags","OpenClaw","—","Codex verify DoD"
"finding.public_mcp_toolfilter_api.evidence_requirement","evidence_requirement","INPL","Evidence requirement for Public MCP toolFilter API","MCP-TOOLFILTER-SDK-SEAM-IMPLEMENTED.md; catalog/hot tests; feature-flags","OpenClaw","Live/stage residual unproven","Codex verify"
"finding.public_mcp_toolfilter_api.risk","risk","INPL","Risk for Public MCP toolFilter API","MCP-TOOLFILTER-SDK-SEAM-IMPLEMENTED.md; catalog/hot tests; feature-flags","OpenClaw","Live/stage residual unproven","Codex assess residual risk"
"finding.public_mcp_toolfilter_api.task","task","INPL","Public MCP toolFilter API","MCP-TOOLFILTER-SDK-SEAM-IMPLEMENTED.md; catalog/hot tests; feature-flags","OpenClaw","Live/stage residual unproven","Codex verify"
"finding.public_mcp_toolfilter_api.test","test","INPL","Test for Public MCP toolFilter API","MCP-TOOLFILTER-SDK-SEAM-IMPLEMENTED.md; catalog/hot tests; feature-flags","OpenClaw","Live/stage residual unproven","Codex verify"
"finding.section_13_3_acceptance.dod","dod","OUT","DoD for Section 13.3 ledger acceptance by Codex","Plan Phase 14","OpenClaw Codex","Codex owns acceptance","Codex verifies tip and assigns accepted classifications"
"finding.section_13_3_acceptance.evidence_requirement","evidence_requirement","OUT","Evidence requirement for Section 13.3 ledger acceptance by Codex","Plan Phase 14","OpenClaw Codex","Codex owns acceptance","Codex verifies tip and assigns accepted classifications"
"finding.section_13_3_acceptance.risk","risk","OUT","Risk for Section 13.3 ledger acceptance by Codex","Plan Phase 14","OpenClaw Codex","Codex owns acceptance","Codex verifies tip and assigns accepted classifications"
"finding.section_13_3_acceptance.task","task","OUT","Section 13.3 ledger acceptance by Codex","Plan Phase 14","OpenClaw Codex","Codex owns acceptance","Codex verifies tip and assigns accepted classifications"
"finding.section_13_3_acceptance.test","test","OUT","Test for Section 13.3 ledger acceptance by Codex","Plan Phase 14","OpenClaw Codex","Codex owns acceptance","Codex verifies tip and assigns accepted classifications"
"finding.skills_four_flag_wiring.dod","dod","INPL","DoD for Skills four-flag MCP wiring","extensions/linkbrain/**; extensions/linkskills/**; MCP seam tests; tip suite 31/203","OpenClaw","—","Codex verify DoD"
"finding.skills_four_flag_wiring.evidence_requirement","evidence_requirement","INPL","Evidence requirement for Skills four-flag MCP wiring","extensions/linkbrain/**; extensions/linkskills/**; MCP seam tests; tip suite 31/203","OpenClaw","Live/stage residual unproven","Codex verify"
"finding.skills_four_flag_wiring.risk","risk","INPL","Risk for Skills four-flag MCP wiring","extensions/linkbrain/**; extensions/linkskills/**; MCP seam tests; tip suite 31/203","OpenClaw","Live/stage residual unproven","Codex assess residual risk"
"finding.skills_four_flag_wiring.task","task","INPL","Skills four-flag MCP wiring","extensions/linkbrain/**; extensions/linkskills/**; MCP seam tests; tip suite 31/203","OpenClaw","Live/stage residual unproven","Codex verify"
"finding.skills_four_flag_wiring.test","test","INPL","Test for Skills four-flag MCP wiring","extensions/linkbrain/**; extensions/linkskills/**; MCP seam tests; tip suite 31/203","OpenClaw","Live/stage residual unproven","Codex verify"
"finding.tip_suite_31_203.dod","dod","INPL","DoD for Phase 13 tip suite 31/203","extensions/linkbrain/**; extensions/linkskills/**; MCP seam tests; tip suite 31/203","OpenClaw","—","Codex verify DoD"
"finding.tip_suite_31_203.evidence_requirement","evidence_requirement","INPL","Evidence requirement for Phase 13 tip suite 31/203","extensions/linkbrain/**; extensions/linkskills/**; MCP seam tests; tip suite 31/203","OpenClaw","Live/stage residual unproven","Codex verify"
"finding.tip_suite_31_203.risk","risk","INPL","Risk for Phase 13 tip suite 31/203","extensions/linkbrain/**; extensions/linkskills/**; MCP seam tests; tip suite 31/203","OpenClaw","Live/stage residual unproven","Codex assess residual risk"
"finding.tip_suite_31_203.task","task","INPL","Phase 13 tip suite 31/203","extensions/linkbrain/**; extensions/linkskills/**; MCP seam tests; tip suite 31/203","OpenClaw","Live/stage residual unproven","Codex verify"
"finding.tip_suite_31_203.test","test","INPL","Test for Phase 13 tip suite 31/203","extensions/linkbrain/**; extensions/linkskills/**; MCP seam tests; tip suite 31/203","OpenClaw","Live/stage residual unproven","Codex verify"
"gate.1","gate","BLOCK","Gate 1: Platform identity credentials","Phase 5 blocked packets; AuthClaims pin only","Platform","Live credentials unavailable","Platform clears gate"
"gate.1.dod","dod","BLOCK","Gate 1 definition of done","Phase 5 blocked packets; AuthClaims pin only","Platform","Live credentials unavailable","Platform clears gate"
"gate.1.evidence_requirement","evidence_requirement","BLOCK","Gate 1 evidence requirement","Phase 5 blocked packets; AuthClaims pin only","Platform","Live credentials unavailable","Platform clears gate"
"gate.1.risk","risk","BLOCK","Gate 1 residual risk","Phase 5 blocked packets; AuthClaims pin only","Platform","Live credentials unavailable","Platform clears gate"
"gate.10","gate","OUT","Gate 10: Independent repo verification","Codex Phase 14","OpenClaw Codex","Awaiting tip","Codex verifies pushed HEAD"
"gate.10.dod","dod","OUT","Gate 10 definition of done","Codex Phase 14","OpenClaw Codex","Awaiting tip","Codex verifies pushed HEAD"
"gate.10.evidence_requirement","evidence_requirement","OUT","Gate 10 evidence requirement","Codex Phase 14","OpenClaw Codex","Awaiting tip","Codex verifies pushed HEAD"
"gate.10.risk","risk","OUT","Gate 10 residual risk","Codex Phase 14","OpenClaw Codex","Awaiting tip","Codex verifies pushed HEAD"
"gate.11","gate","OUT","Gate 11: Four-plan reconciliation","Phase 15","LiNKbrain Codex + Principal","Not started","After Phase 14"
"gate.11.dod","dod","OUT","Gate 11 definition of done","Phase 15","LiNKbrain Codex + Principal","Not started","After Phase 14"
"gate.11.evidence_requirement","evidence_requirement","OUT","Gate 11 evidence requirement","Phase 15","LiNKbrain Codex + Principal","Not started","After Phase 14"
"gate.11.risk","risk","OUT","Gate 11 residual risk","Phase 15","LiNKbrain Codex + Principal","Not started","After Phase 14"
"gate.2","gate","OUT","Gate 2: Brain contract fake consume","fixtures; PENDING countersign","LiNKbrain","Owner countersign pending","Countersign after Codex confirms aggregates"
"gate.2.dod","dod","OUT","Gate 2 definition of done","fixtures; PENDING countersign","LiNKbrain","Owner countersign pending","Countersign after Codex confirms aggregates"
"gate.2.evidence_requirement","evidence_requirement","OUT","Gate 2 evidence requirement","fixtures; PENDING countersign","LiNKbrain","Owner countersign pending","Countersign after Codex confirms aggregates"
"gate.2.risk","risk","OUT","Gate 2 residual risk","fixtures; PENDING countersign","LiNKbrain","Owner countersign pending","Countersign after Codex confirms aggregates"
"gate.3","gate","OUT","Gate 3: Skills contract fake consume","fixtures; PENDING countersign","LiNKskills","Owner countersign pending","Countersign after Codex confirms aggregates"
"gate.3.dod","dod","OUT","Gate 3 definition of done","fixtures; PENDING countersign","LiNKskills","Owner countersign pending","Countersign after Codex confirms aggregates"
"gate.3.evidence_requirement","evidence_requirement","OUT","Gate 3 evidence requirement","fixtures; PENDING countersign","LiNKskills","Owner countersign pending","Countersign after Codex confirms aggregates"
"gate.3.risk","risk","OUT","Gate 3 residual risk","fixtures; PENDING countersign","LiNKskills","Owner countersign pending","Countersign after Codex confirms aggregates"
"gate.4","gate","BLOCK","Gate 4: Platform migration env","blocked packets","Platform","Env/migration blocked","Platform clears gate"
"gate.4.dod","dod","BLOCK","Gate 4 definition of done","blocked packets","Platform","Env/migration blocked","Platform clears gate"
"gate.4.evidence_requirement","evidence_requirement","BLOCK","Gate 4 evidence requirement","blocked packets","Platform","Env/migration blocked","Platform clears gate"
"gate.4.risk","risk","BLOCK","Gate 4 residual risk","blocked packets","Platform","Env/migration blocked","Platform clears gate"
"gate.5","gate","INPL","Gate 5: OpenClaw implementation ownership","plugins/tests on branch","OpenClaw","—","Codex verify ownership boundaries"
"gate.5.dod","dod","INPL","Gate 5 definition of done","plugins/tests on branch","OpenClaw","—","Codex verify ownership boundaries"
"gate.5.evidence_requirement","evidence_requirement","INPL","Gate 5 evidence requirement","plugins/tests on branch","OpenClaw","—","Codex verify ownership boundaries"
"gate.5.risk","risk","INPL","Gate 5 residual risk","plugins/tests on branch","OpenClaw","—","Codex verify ownership boundaries"
"gate.6","gate","BLOCK","Gate 6: Lisa live enablement","not started","Multi","Premature / explicit non-goal this wave","Remain blocked"
"gate.6.dod","dod","BLOCK","Gate 6 definition of done","not started","Multi","Premature / explicit non-goal this wave","Remain blocked"
"gate.6.evidence_requirement","evidence_requirement","BLOCK","Gate 6 evidence requirement","not started","Multi","Premature / explicit non-goal this wave","Remain blocked"
"gate.6.risk","risk","BLOCK","Gate 6 residual risk","not started","Multi","Premature / explicit non-goal this wave","Remain blocked"
"gate.7","gate","BLOCK","Gate 7: Stage promotion","not started","Multi","Premature / explicit non-goal this wave","Remain blocked"
"gate.7.dod","dod","BLOCK","Gate 7 definition of done","not started","Multi","Premature / explicit non-goal this wave","Remain blocked"
"gate.7.evidence_requirement","evidence_requirement","BLOCK","Gate 7 evidence requirement","not started","Multi","Premature / explicit non-goal this wave","Remain blocked"
"gate.7.risk","risk","BLOCK","Gate 7 residual risk","not started","Multi","Premature / explicit non-goal this wave","Remain blocked"
"gate.8","gate","BLOCK","Gate 8: Prod promotion","not started","Multi","Premature / explicit non-goal this wave","Remain blocked"
"gate.8.dod","dod","BLOCK","Gate 8 definition of done","not started","Multi","Premature / explicit non-goal this wave","Remain blocked"
"gate.8.evidence_requirement","evidence_requirement","BLOCK","Gate 8 evidence requirement","not started","Multi","Premature / explicit non-goal this wave","Remain blocked"
"gate.8.risk","risk","BLOCK","Gate 8 residual risk","not started","Multi","Premature / explicit non-goal this wave","Remain blocked"
"gate.9","gate","BLOCK","Gate 9: Remaining stage prod controls","not started","Multi","Premature / explicit non-goal this wave","Remain blocked"
"gate.9.dod","dod","BLOCK","Gate 9 definition of done","not started","Multi","Premature / explicit non-goal this wave","Remain blocked"
"gate.9.evidence_requirement","evidence_requirement","BLOCK","Gate 9 evidence requirement","not started","Multi","Premature / explicit non-goal this wave","Remain blocked"
"gate.9.risk","risk","BLOCK","Gate 9 residual risk","not started","Multi","Premature / explicit non-goal this wave","Remain blocked"
"phase.0.dod","dod","INPL","Phase 0 definition of done","PHASE-0-FREEZE-PACKET.md","OpenClaw","Live/external gates uncleared","Codex verify packet; keep live out of scope"
"phase.0.evidence_requirement","evidence_requirement","INPL","Phase 0 evidence requirement","PHASE-0-FREEZE-PACKET.md","OpenClaw","Live/external gates uncleared","Codex verify packet; keep live out of scope"
"phase.0.risk","risk","INPL","Phase 0 residual risk","PHASE-0-FREEZE-PACKET.md","OpenClaw","Live/external gates uncleared","Codex verify packet; keep live out of scope"
"phase.0.task","task","INPL","Phase 0 task: Approval snapshot ownership freeze","PHASE-0-FREEZE-PACKET.md","OpenClaw","Live/external gates uncleared","Codex verify packet; keep live out of scope"
"phase.1.dod","dod","PART","Phase 1 definition of done","PHASE-1-*; contracts/**; AuthClaims 1.1.0","OpenClaw","Platform auth-path + pending countersign","Codex verify pins; Platform owns live auth"
"phase.1.dod.authclaims_fixtures","dod","PART","DoD: AuthClaims 1.1.0 fixtures consumed","PHASE-1-*; contracts/**; AuthClaims 1.1.0","OpenClaw","Platform auth-path + pending countersign","Codex verify pins; Platform owns live auth"
"phase.1.dod.contracts_pins","dod","PART","DoD: Contract pins present","PHASE-1-*; contracts/**; AuthClaims 1.1.0","OpenClaw","Platform auth-path + pending countersign","Codex verify pins; Platform owns live auth"
"phase.1.dod.fixture_owner_gate","dod","PART","DoD: Fixture-owner countersign gate","FIXTURE-OWNER-SIGNOFF.md; COUNTERSIGN-REQUEST-WAVE8","Owners","PENDING countersign (deferred past Codex)","Countersign after Codex confirms tip + aggregates"
"phase.1.dod.platform_auth_path","dod","BLOCK","DoD: Platform live auth path","PHASE-5-DECISION-PACKET-PLATFORM-AUTH.md","Platform","Live auth path unavailable","Platform delivers live auth evidence"
"phase.1.evidence_requirement","evidence_requirement","PART","Phase 1 evidence requirement","PHASE-1-*; contracts/**; AuthClaims 1.1.0","OpenClaw","Platform auth-path + pending countersign","Codex verify pins; Platform owns live auth"
"phase.1.risk","risk","PART","Phase 1 residual risk","PHASE-1-*; contracts/**; AuthClaims 1.1.0","OpenClaw","Platform auth-path + pending countersign","Codex verify pins; Platform owns live auth"
"phase.1.task","task","PART","Phase 1 task: Contract and fake freeze","PHASE-1-*; contracts/**; AuthClaims 1.1.0","OpenClaw","Platform auth-path + pending countersign","Codex verify pins; Platform owns live auth"
"phase.1.task.authclaims_fixtures","task","PART","AuthClaims 1.1.0 fixtures consumed","PHASE-1-*; contracts/**; AuthClaims 1.1.0","OpenClaw","Platform auth-path + pending countersign","Codex verify pins; Platform owns live auth"
"phase.1.task.contracts_pins","task","PART","Contract pins present","PHASE-1-*; contracts/**; AuthClaims 1.1.0","OpenClaw","Platform auth-path + pending countersign","Codex verify pins; Platform owns live auth"
"phase.1.task.fixture_owner_gate","task","PART","Fixture-owner countersign gate","FIXTURE-OWNER-SIGNOFF.md; COUNTERSIGN-REQUEST-WAVE8","Owners","PENDING countersign (deferred past Codex)","Countersign after Codex confirms tip + aggregates"
"phase.1.task.platform_auth_path","task","BLOCK","Platform live auth path","PHASE-5-DECISION-PACKET-PLATFORM-AUTH.md","Platform","Live auth path unavailable","Platform delivers live auth evidence"
"phase.10.dod","dod","BLOCK","Phase 10 definition of done","PHASE-*-STATUS-BLOCKED.md","Multi","Not started; external/stage/prod gates","Remain blocked until prerequisites clear"
"phase.10.evidence_requirement","evidence_requirement","BLOCK","Phase 10 evidence requirement","PHASE-*-STATUS-BLOCKED.md","Multi","Not started; external/stage/prod gates","Remain blocked until prerequisites clear"
"phase.10.risk","risk","BLOCK","Phase 10 residual risk","PHASE-*-STATUS-BLOCKED.md","Multi","Not started; external/stage/prod gates","Remain blocked until prerequisites clear"
"phase.10.task","task","BLOCK","Phase 10 task: Integrated stage soak operational rehearsal","PHASE-*-STATUS-BLOCKED.md","Multi","Not started; external/stage/prod gates","Remain blocked until prerequisites clear"
"phase.11.dod","dod","BLOCK","Phase 11 definition of done","PHASE-*-STATUS-BLOCKED.md","Multi","Not started; external/stage/prod gates","Remain blocked until prerequisites clear"
"phase.11.evidence_requirement","evidence_requirement","BLOCK","Phase 11 evidence requirement","PHASE-*-STATUS-BLOCKED.md","Multi","Not started; external/stage/prod gates","Remain blocked until prerequisites clear"
"phase.11.risk","risk","BLOCK","Phase 11 residual risk","PHASE-*-STATUS-BLOCKED.md","Multi","Not started; external/stage/prod gates","Remain blocked until prerequisites clear"
"phase.11.task","task","BLOCK","Phase 11 task: Brain production deployment canary","PHASE-*-STATUS-BLOCKED.md","Multi","Not started; external/stage/prod gates","Remain blocked until prerequisites clear"
"phase.12.dod","dod","BLOCK","Phase 12 definition of done","PHASE-*-STATUS-BLOCKED.md","Multi","Not started; external/stage/prod gates","Remain blocked until prerequisites clear"
"phase.12.evidence_requirement","evidence_requirement","BLOCK","Phase 12 evidence requirement","PHASE-*-STATUS-BLOCKED.md","Multi","Not started; external/stage/prod gates","Remain blocked until prerequisites clear"
"phase.12.risk","risk","BLOCK","Phase 12 residual risk","PHASE-*-STATUS-BLOCKED.md","Multi","Not started; external/stage/prod gates","Remain blocked until prerequisites clear"
"phase.12.task","task","BLOCK","Phase 12 task: Skills production deployment canary","PHASE-*-STATUS-BLOCKED.md","Multi","Not started; external/stage/prod gates","Remain blocked until prerequisites clear"
"phase.13.dod","dod","INPL","Phase 13 definition of done","PHASE-13-PROVISIONAL-GROK-HANDOFF.md","OpenClaw (Grok)","Tip lag vs latest wave","Codex re-verify against wave tip"
"phase.13.evidence_requirement","evidence_requirement","INPL","Phase 13 evidence requirement","PHASE-13-PROVISIONAL-GROK-HANDOFF.md","OpenClaw (Grok)","Tip lag vs latest wave","Codex re-verify against wave tip"
"phase.13.risk","risk","INPL","Phase 13 residual risk","PHASE-13-PROVISIONAL-GROK-HANDOFF.md","OpenClaw (Grok)","Tip lag vs latest wave","Codex re-verify against wave tip"
"phase.13.task","task","INPL","Phase 13 task: Execution closeout Grok handoff","PHASE-13-PROVISIONAL-GROK-HANDOFF.md","OpenClaw (Grok)","Tip lag vs latest wave","Codex re-verify against wave tip"
"phase.14.dod","dod","OUT","Phase 14 definition of done","Plan Phase 14","OpenClaw Codex","Codex owns acceptance","Codex verifies tip and assigns accepted classifications"
"phase.14.evidence_requirement","evidence_requirement","OUT","Phase 14 evidence requirement","Plan Phase 14","OpenClaw Codex","Codex owns acceptance","Codex verifies tip and assigns accepted classifications"
"phase.14.risk","risk","OUT","Phase 14 residual risk","Plan Phase 14","OpenClaw Codex","Codex owns acceptance","Codex verifies tip and assigns accepted classifications"
"phase.14.task","task","OUT","Phase 14 task: Independent OpenClaw Codex verification","Plan Phase 14","OpenClaw Codex","Codex owns acceptance","Codex verifies tip and assigns accepted classifications"
"phase.15.dod","dod","OUT","Phase 15 definition of done","Plan Phase 15","LiNKbrain Codex + Principal","Not started","After Phase 14"
"phase.15.evidence_requirement","evidence_requirement","OUT","Phase 15 evidence requirement","Plan Phase 15","LiNKbrain Codex + Principal","Not started","After Phase 14"
"phase.15.risk","risk","OUT","Phase 15 residual risk","Plan Phase 15","LiNKbrain Codex + Principal","Not started","After Phase 14"
"phase.15.task","task","OUT","Phase 15 task: Four-plan reconciliation Principal closeout","Plan Phase 15","LiNKbrain Codex + Principal","Not started","After Phase 14"
"phase.2.dod","dod","INPL","Phase 2 definition of done","extensions/linkbrain/**; extensions/linkskills/**; MCP seam tests; tip suite 31/203","OpenClaw","—","Codex verify DoD"
"phase.2.evidence_requirement","evidence_requirement","INPL","Phase 2 evidence requirement","extensions/linkbrain/**; extensions/linkskills/**; MCP seam tests; tip suite 31/203","OpenClaw","Live/stage residual unproven","Codex verify"
"phase.2.risk","risk","INPL","Phase 2 residual risk","extensions/linkbrain/**; extensions/linkskills/**; MCP seam tests; tip suite 31/203","OpenClaw","Live/stage residual unproven","Codex assess residual risk"
"phase.2.task","task","INPL","Phase 2 task: Brain plugin skeleton","extensions/linkbrain/**; extensions/linkskills/**; MCP seam tests; tip suite 31/203","OpenClaw","Live/stage residual unproven","Codex verify"
"phase.3.dod","dod","INPL","Phase 3 definition of done","extensions/linkbrain/**; extensions/linkskills/**; MCP seam tests; tip suite 31/203","OpenClaw","—","Codex verify DoD"
"phase.3.evidence_requirement","evidence_requirement","INPL","Phase 3 evidence requirement","extensions/linkbrain/**; extensions/linkskills/**; MCP seam tests; tip suite 31/203","OpenClaw","Live/stage residual unproven","Codex verify"
"phase.3.risk","risk","INPL","Phase 3 residual risk","extensions/linkbrain/**; extensions/linkskills/**; MCP seam tests; tip suite 31/203","OpenClaw","Live/stage residual unproven","Codex assess residual risk"
"phase.3.task","task","INPL","Phase 3 task: Brain lifecycle capture coordination","extensions/linkbrain/**; extensions/linkskills/**; MCP seam tests; tip suite 31/203","OpenClaw","Live/stage residual unproven","Codex verify"
"phase.4.dod","dod","INPL","Phase 4 definition of done","extensions/linkbrain/**; extensions/linkskills/**; MCP seam tests; tip suite 31/203","OpenClaw","—","Codex verify DoD"
"phase.4.evidence_requirement","evidence_requirement","INPL","Phase 4 evidence requirement","extensions/linkbrain/**; extensions/linkskills/**; MCP seam tests; tip suite 31/203","OpenClaw","Live/stage residual unproven","Codex verify"
"phase.4.risk","risk","INPL","Phase 4 residual risk","extensions/linkbrain/**; extensions/linkskills/**; MCP seam tests; tip suite 31/203","OpenClaw","Live/stage residual unproven","Codex assess residual risk"
"phase.4.task","task","INPL","Phase 4 task: Skills plugin skeleton telemetry","extensions/linkbrain/**; extensions/linkskills/**; MCP seam tests; tip suite 31/203","OpenClaw","Live/stage residual unproven","Codex verify"
"phase.5.dod","dod","INPL","Phase 5 definition of done","extensions/linkbrain/**; extensions/linkskills/**; MCP seam tests; tip suite 31/203","OpenClaw","—","Codex verify DoD"
"phase.5.evidence_requirement","evidence_requirement","INPL","Phase 5 evidence requirement","extensions/linkbrain/**; extensions/linkskills/**; MCP seam tests; tip suite 31/203","OpenClaw","Live/stage residual unproven","Codex verify"
"phase.5.risk","risk","INPL","Phase 5 residual risk","extensions/linkbrain/**; extensions/linkskills/**; MCP seam tests; tip suite 31/203","OpenClaw","Live/stage residual unproven","Codex assess residual risk"
"phase.5.task","task","INPL","Phase 5 task: Managed MCP integration authentication","extensions/linkbrain/**; extensions/linkskills/**; MCP seam tests; tip suite 31/203","OpenClaw","Live/stage residual unproven","Codex verify"
"phase.5.task.live_platform_auth","task","BLOCK","Live Platform MCP auth","Phase 5 blocked packets","Platform","Auth-path unavailable","Platform delivers live auth evidence"
"phase.5.task.public_toolfilter_seam","task","INPL","Public registerMcpServerToolFilter seam","MCP-TOOLFILTER-SDK-SEAM-IMPLEMENTED.md; catalog/hot tests; feature-flags","OpenClaw","Live/stage residual unproven","Codex verify"
"phase.5.task.templates_filters","task","INPL","MCP templates and toolFilter allowlists","extensions/linkbrain/**; extensions/linkskills/**; MCP seam tests; tip suite 31/203","OpenClaw","Live/stage residual unproven","Codex verify"
"phase.6.coexistence.A.dod","dod","INPL","Phase 6 coexistence A DoD","phase6-mandatory-matrix.test.ts; PHASE-6-STATUS.md","OpenClaw","—","Codex verify DoD"
"phase.6.coexistence.A.evidence_requirement","evidence_requirement","INPL","Phase 6 coexistence A evidence requirement","phase6-mandatory-matrix.test.ts; PHASE-6-STATUS.md","OpenClaw","Live/stage residual unproven","Codex verify"
"phase.6.coexistence.A.risk","risk","INPL","Phase 6 coexistence A risk","phase6-mandatory-matrix.test.ts; PHASE-6-STATUS.md","OpenClaw","Live/stage residual unproven","Codex assess residual risk"
"phase.6.coexistence.A.task","task","INPL","Phase 6 coexistence proof A","phase6-mandatory-matrix.test.ts; PHASE-6-STATUS.md","OpenClaw","Live/stage residual unproven","Codex verify"
"phase.6.coexistence.A.test","test","INPL","Phase 6 coexistence A test","phase6-mandatory-matrix.test.ts; PHASE-6-STATUS.md","OpenClaw","Live/stage residual unproven","Codex verify"
"phase.6.coexistence.B.dod","dod","INPL","Phase 6 coexistence B DoD","phase6-mandatory-matrix.test.ts; PHASE-6-STATUS.md","OpenClaw","—","Codex verify DoD"
"phase.6.coexistence.B.evidence_requirement","evidence_requirement","INPL","Phase 6 coexistence B evidence requirement","phase6-mandatory-matrix.test.ts; PHASE-6-STATUS.md","OpenClaw","Live/stage residual unproven","Codex verify"
"phase.6.coexistence.B.risk","risk","INPL","Phase 6 coexistence B risk","phase6-mandatory-matrix.test.ts; PHASE-6-STATUS.md","OpenClaw","Live/stage residual unproven","Codex assess residual risk"
"phase.6.coexistence.B.task","task","INPL","Phase 6 coexistence proof B","phase6-mandatory-matrix.test.ts; PHASE-6-STATUS.md","OpenClaw","Live/stage residual unproven","Codex verify"
"phase.6.coexistence.B.test","test","INPL","Phase 6 coexistence B test","phase6-mandatory-matrix.test.ts; PHASE-6-STATUS.md","OpenClaw","Live/stage residual unproven","Codex verify"
"phase.6.coexistence.C.dod","dod","INPL","Phase 6 coexistence C DoD","phase6-mandatory-matrix.test.ts; PHASE-6-STATUS.md","OpenClaw","—","Codex verify DoD"
"phase.6.coexistence.C.evidence_requirement","evidence_requirement","INPL","Phase 6 coexistence C evidence requirement","phase6-mandatory-matrix.test.ts; PHASE-6-STATUS.md","OpenClaw","Live/stage residual unproven","Codex verify"
"phase.6.coexistence.C.risk","risk","INPL","Phase 6 coexistence C risk","phase6-mandatory-matrix.test.ts; PHASE-6-STATUS.md","OpenClaw","Live/stage residual unproven","Codex assess residual risk"
"phase.6.coexistence.C.task","task","INPL","Phase 6 coexistence proof C","phase6-mandatory-matrix.test.ts; PHASE-6-STATUS.md","OpenClaw","Live/stage residual unproven","Codex verify"
"phase.6.coexistence.C.test","test","INPL","Phase 6 coexistence C test","phase6-mandatory-matrix.test.ts; PHASE-6-STATUS.md","OpenClaw","Live/stage residual unproven","Codex verify"
"phase.6.coexistence.D.dod","dod","INPL","Phase 6 coexistence D DoD","phase6-mandatory-matrix.test.ts; PHASE-6-STATUS.md","OpenClaw","—","Codex verify DoD"
"phase.6.coexistence.D.evidence_requirement","evidence_requirement","INPL","Phase 6 coexistence D evidence requirement","phase6-mandatory-matrix.test.ts; PHASE-6-STATUS.md","OpenClaw","Live/stage residual unproven","Codex verify"
"phase.6.coexistence.D.risk","risk","INPL","Phase 6 coexistence D risk","phase6-mandatory-matrix.test.ts; PHASE-6-STATUS.md","OpenClaw","Live/stage residual unproven","Codex assess residual risk"
"phase.6.coexistence.D.task","task","INPL","Phase 6 coexistence proof D","phase6-mandatory-matrix.test.ts; PHASE-6-STATUS.md","OpenClaw","Live/stage residual unproven","Codex verify"
"phase.6.coexistence.D.test","test","INPL","Phase 6 coexistence D test","phase6-mandatory-matrix.test.ts; PHASE-6-STATUS.md","OpenClaw","Live/stage residual unproven","Codex verify"
"phase.6.coexistence.E.dod","dod","INPL","Phase 6 coexistence E DoD","phase6-mandatory-matrix.test.ts; PHASE-6-STATUS.md","OpenClaw","—","Codex verify DoD"
"phase.6.coexistence.E.evidence_requirement","evidence_requirement","INPL","Phase 6 coexistence E evidence requirement","phase6-mandatory-matrix.test.ts; PHASE-6-STATUS.md","OpenClaw","Live/stage residual unproven","Codex verify"
"phase.6.coexistence.E.risk","risk","INPL","Phase 6 coexistence E risk","phase6-mandatory-matrix.test.ts; PHASE-6-STATUS.md","OpenClaw","Live/stage residual unproven","Codex assess residual risk"
"phase.6.coexistence.E.task","task","INPL","Phase 6 coexistence proof E","phase6-mandatory-matrix.test.ts; PHASE-6-STATUS.md","OpenClaw","Live/stage residual unproven","Codex verify"
"phase.6.coexistence.E.test","test","INPL","Phase 6 coexistence E test","phase6-mandatory-matrix.test.ts; PHASE-6-STATUS.md","OpenClaw","Live/stage residual unproven","Codex verify"
"phase.6.coexistence.F.dod","dod","INPL","Phase 6 coexistence F DoD","phase6-mandatory-matrix.test.ts; PHASE-6-STATUS.md","OpenClaw","—","Codex verify DoD"
"phase.6.coexistence.F.evidence_requirement","evidence_requirement","INPL","Phase 6 coexistence F evidence requirement","phase6-mandatory-matrix.test.ts; PHASE-6-STATUS.md","OpenClaw","Live/stage residual unproven","Codex verify"
"phase.6.coexistence.F.risk","risk","INPL","Phase 6 coexistence F risk","phase6-mandatory-matrix.test.ts; PHASE-6-STATUS.md","OpenClaw","Live/stage residual unproven","Codex assess residual risk"
"phase.6.coexistence.F.task","task","INPL","Phase 6 coexistence proof F","phase6-mandatory-matrix.test.ts; PHASE-6-STATUS.md","OpenClaw","Live/stage residual unproven","Codex verify"
"phase.6.coexistence.F.test","test","INPL","Phase 6 coexistence F test","phase6-mandatory-matrix.test.ts; PHASE-6-STATUS.md","OpenClaw","Live/stage residual unproven","Codex verify"
"phase.6.coexistence.G.dod","dod","INPL","Phase 6 coexistence G DoD","phase6-mandatory-matrix.test.ts; PHASE-6-STATUS.md","OpenClaw","—","Codex verify DoD"
"phase.6.coexistence.G.evidence_requirement","evidence_requirement","INPL","Phase 6 coexistence G evidence requirement","phase6-mandatory-matrix.test.ts; PHASE-6-STATUS.md","OpenClaw","Live/stage residual unproven","Codex verify"
"phase.6.coexistence.G.risk","risk","INPL","Phase 6 coexistence G risk","phase6-mandatory-matrix.test.ts; PHASE-6-STATUS.md","OpenClaw","Live/stage residual unproven","Codex assess residual risk"
"phase.6.coexistence.G.task","task","INPL","Phase 6 coexistence proof G","phase6-mandatory-matrix.test.ts; PHASE-6-STATUS.md","OpenClaw","Live/stage residual unproven","Codex verify"
"phase.6.coexistence.G.test","test","INPL","Phase 6 coexistence G test","phase6-mandatory-matrix.test.ts; PHASE-6-STATUS.md","OpenClaw","Live/stage residual unproven","Codex verify"
"phase.6.dod","dod","INPL","Phase 6 definition of done","phase6-mandatory-matrix.test.ts; PHASE-6-STATUS.md","OpenClaw","—","Codex verify DoD"
"phase.6.evidence_requirement","evidence_requirement","INPL","Phase 6 evidence requirement","phase6-mandatory-matrix.test.ts; PHASE-6-STATUS.md","OpenClaw","Live/stage residual unproven","Codex verify"
"phase.6.risk","risk","INPL","Phase 6 residual risk","phase6-mandatory-matrix.test.ts; PHASE-6-STATUS.md","OpenClaw","Live/stage residual unproven","Codex assess residual risk"
"phase.6.scenario.1.dod","dod","INPL","Phase 6 scenario 1 DoD","phase6-mandatory-matrix.test.ts; PHASE-6-STATUS.md","OpenClaw","—","Codex verify DoD"
"phase.6.scenario.1.evidence_requirement","evidence_requirement","INPL","Phase 6 scenario 1 evidence requirement","phase6-mandatory-matrix.test.ts; PHASE-6-STATUS.md","OpenClaw","Live/stage residual unproven","Codex verify"
"phase.6.scenario.1.risk","risk","INPL","Phase 6 scenario 1 residual risk","phase6-mandatory-matrix.test.ts; PHASE-6-STATUS.md","OpenClaw","Live/stage residual unproven","Codex assess residual risk"
"phase.6.scenario.1.task","task","INPL","Phase 6 mandatory scenario 1","phase6-mandatory-matrix.test.ts; PHASE-6-STATUS.md","OpenClaw","Live/stage residual unproven","Codex verify"
"phase.6.scenario.1.test","test","INPL","Phase 6 scenario 1 test evidence","phase6-mandatory-matrix.test.ts; PHASE-6-STATUS.md","OpenClaw","Live/stage residual unproven","Codex verify"
"phase.6.scenario.10.dod","dod","INPL","Phase 6 scenario 10 DoD","phase6-mandatory-matrix.test.ts; PHASE-6-STATUS.md","OpenClaw","—","Codex verify DoD"
"phase.6.scenario.10.evidence_requirement","evidence_requirement","INPL","Phase 6 scenario 10 evidence requirement","phase6-mandatory-matrix.test.ts; PHASE-6-STATUS.md","OpenClaw","Live/stage residual unproven","Codex verify"
"phase.6.scenario.10.risk","risk","INPL","Phase 6 scenario 10 residual risk","phase6-mandatory-matrix.test.ts; PHASE-6-STATUS.md","OpenClaw","Live/stage residual unproven","Codex assess residual risk"
"phase.6.scenario.10.task","task","INPL","Phase 6 mandatory scenario 10","phase6-mandatory-matrix.test.ts; PHASE-6-STATUS.md","OpenClaw","Live/stage residual unproven","Codex verify"
"phase.6.scenario.10.test","test","INPL","Phase 6 scenario 10 test evidence","phase6-mandatory-matrix.test.ts; PHASE-6-STATUS.md","OpenClaw","Live/stage residual unproven","Codex verify"
"phase.6.scenario.11.dod","dod","INPL","Phase 6 scenario 11 DoD","phase6-mandatory-matrix.test.ts; PHASE-6-STATUS.md","OpenClaw","—","Codex verify DoD"
"phase.6.scenario.11.evidence_requirement","evidence_requirement","INPL","Phase 6 scenario 11 evidence requirement","phase6-mandatory-matrix.test.ts; PHASE-6-STATUS.md","OpenClaw","Live/stage residual unproven","Codex verify"
"phase.6.scenario.11.risk","risk","INPL","Phase 6 scenario 11 residual risk","phase6-mandatory-matrix.test.ts; PHASE-6-STATUS.md","OpenClaw","Live/stage residual unproven","Codex assess residual risk"
"phase.6.scenario.11.task","task","INPL","Phase 6 mandatory scenario 11","phase6-mandatory-matrix.test.ts; PHASE-6-STATUS.md","OpenClaw","Live/stage residual unproven","Codex verify"
"phase.6.scenario.11.test","test","INPL","Phase 6 scenario 11 test evidence","phase6-mandatory-matrix.test.ts; PHASE-6-STATUS.md","OpenClaw","Live/stage residual unproven","Codex verify"
"phase.6.scenario.12.dod","dod","INPL","Phase 6 scenario 12 DoD","phase6-mandatory-matrix.test.ts; PHASE-6-STATUS.md","OpenClaw","—","Codex verify DoD"
"phase.6.scenario.12.evidence_requirement","evidence_requirement","INPL","Phase 6 scenario 12 evidence requirement","phase6-mandatory-matrix.test.ts; PHASE-6-STATUS.md","OpenClaw","Live/stage residual unproven","Codex verify"
"phase.6.scenario.12.risk","risk","INPL","Phase 6 scenario 12 residual risk","phase6-mandatory-matrix.test.ts; PHASE-6-STATUS.md","OpenClaw","Live/stage residual unproven","Codex assess residual risk"
"phase.6.scenario.12.task","task","INPL","Phase 6 mandatory scenario 12","phase6-mandatory-matrix.test.ts; PHASE-6-STATUS.md","OpenClaw","Live/stage residual unproven","Codex verify"
"phase.6.scenario.12.test","test","INPL","Phase 6 scenario 12 test evidence","phase6-mandatory-matrix.test.ts; PHASE-6-STATUS.md","OpenClaw","Live/stage residual unproven","Codex verify"
"phase.6.scenario.13.dod","dod","INPL","Phase 6 scenario 13 DoD","phase6-mandatory-matrix.test.ts; PHASE-6-STATUS.md","OpenClaw","—","Codex verify DoD"
"phase.6.scenario.13.evidence_requirement","evidence_requirement","INPL","Phase 6 scenario 13 evidence requirement","phase6-mandatory-matrix.test.ts; PHASE-6-STATUS.md","OpenClaw","Live/stage residual unproven","Codex verify"
"phase.6.scenario.13.risk","risk","INPL","Phase 6 scenario 13 residual risk","phase6-mandatory-matrix.test.ts; PHASE-6-STATUS.md","OpenClaw","Live/stage residual unproven","Codex assess residual risk"
"phase.6.scenario.13.task","task","INPL","Phase 6 mandatory scenario 13","phase6-mandatory-matrix.test.ts; PHASE-6-STATUS.md","OpenClaw","Live/stage residual unproven","Codex verify"
"phase.6.scenario.13.test","test","INPL","Phase 6 scenario 13 test evidence","phase6-mandatory-matrix.test.ts; PHASE-6-STATUS.md","OpenClaw","Live/stage residual unproven","Codex verify"
"phase.6.scenario.14.dod","dod","INPL","Phase 6 scenario 14 DoD","phase6-mandatory-matrix.test.ts; PHASE-6-STATUS.md","OpenClaw","—","Codex verify DoD"
"phase.6.scenario.14.evidence_requirement","evidence_requirement","INPL","Phase 6 scenario 14 evidence requirement","phase6-mandatory-matrix.test.ts; PHASE-6-STATUS.md","OpenClaw","Live/stage residual unproven","Codex verify"
"phase.6.scenario.14.risk","risk","INPL","Phase 6 scenario 14 residual risk","phase6-mandatory-matrix.test.ts; PHASE-6-STATUS.md","OpenClaw","Live/stage residual unproven","Codex assess residual risk"
"phase.6.scenario.14.task","task","INPL","Phase 6 mandatory scenario 14","phase6-mandatory-matrix.test.ts; PHASE-6-STATUS.md","OpenClaw","Live/stage residual unproven","Codex verify"
"phase.6.scenario.14.test","test","INPL","Phase 6 scenario 14 test evidence","phase6-mandatory-matrix.test.ts; PHASE-6-STATUS.md","OpenClaw","Live/stage residual unproven","Codex verify"
"phase.6.scenario.15.dod","dod","INPL","Phase 6 scenario 15 DoD","phase6-mandatory-matrix.test.ts; PHASE-6-STATUS.md","OpenClaw","—","Codex verify DoD"
"phase.6.scenario.15.evidence_requirement","evidence_requirement","INPL","Phase 6 scenario 15 evidence requirement","phase6-mandatory-matrix.test.ts; PHASE-6-STATUS.md","OpenClaw","Live/stage residual unproven","Codex verify"
"phase.6.scenario.15.risk","risk","INPL","Phase 6 scenario 15 residual risk","phase6-mandatory-matrix.test.ts; PHASE-6-STATUS.md","OpenClaw","Live/stage residual unproven","Codex assess residual risk"
"phase.6.scenario.15.task","task","INPL","Phase 6 mandatory scenario 15","phase6-mandatory-matrix.test.ts; PHASE-6-STATUS.md","OpenClaw","Live/stage residual unproven","Codex verify"
"phase.6.scenario.15.test","test","INPL","Phase 6 scenario 15 test evidence","phase6-mandatory-matrix.test.ts; PHASE-6-STATUS.md","OpenClaw","Live/stage residual unproven","Codex verify"
"phase.6.scenario.2.dod","dod","INPL","Phase 6 scenario 2 DoD","phase6-mandatory-matrix.test.ts; PHASE-6-STATUS.md","OpenClaw","—","Codex verify DoD"
"phase.6.scenario.2.evidence_requirement","evidence_requirement","INPL","Phase 6 scenario 2 evidence requirement","phase6-mandatory-matrix.test.ts; PHASE-6-STATUS.md","OpenClaw","Live/stage residual unproven","Codex verify"
"phase.6.scenario.2.risk","risk","INPL","Phase 6 scenario 2 residual risk","phase6-mandatory-matrix.test.ts; PHASE-6-STATUS.md","OpenClaw","Live/stage residual unproven","Codex assess residual risk"
"phase.6.scenario.2.task","task","INPL","Phase 6 mandatory scenario 2","phase6-mandatory-matrix.test.ts; PHASE-6-STATUS.md","OpenClaw","Live/stage residual unproven","Codex verify"
"phase.6.scenario.2.test","test","INPL","Phase 6 scenario 2 test evidence","phase6-mandatory-matrix.test.ts; PHASE-6-STATUS.md","OpenClaw","Live/stage residual unproven","Codex verify"
"phase.6.scenario.3.dod","dod","INPL","Phase 6 scenario 3 DoD","phase6-mandatory-matrix.test.ts; PHASE-6-STATUS.md","OpenClaw","—","Codex verify DoD"
"phase.6.scenario.3.evidence_requirement","evidence_requirement","INPL","Phase 6 scenario 3 evidence requirement","phase6-mandatory-matrix.test.ts; PHASE-6-STATUS.md","OpenClaw","Live/stage residual unproven","Codex verify"
"phase.6.scenario.3.risk","risk","INPL","Phase 6 scenario 3 residual risk","phase6-mandatory-matrix.test.ts; PHASE-6-STATUS.md","OpenClaw","Live/stage residual unproven","Codex assess residual risk"
"phase.6.scenario.3.task","task","INPL","Phase 6 mandatory scenario 3","phase6-mandatory-matrix.test.ts; PHASE-6-STATUS.md","OpenClaw","Live/stage residual unproven","Codex verify"
"phase.6.scenario.3.test","test","INPL","Phase 6 scenario 3 test evidence","phase6-mandatory-matrix.test.ts; PHASE-6-STATUS.md","OpenClaw","Live/stage residual unproven","Codex verify"
"phase.6.scenario.4.dod","dod","INPL","Phase 6 scenario 4 DoD","phase6-mandatory-matrix.test.ts; PHASE-6-STATUS.md","OpenClaw","—","Codex verify DoD"
"phase.6.scenario.4.evidence_requirement","evidence_requirement","INPL","Phase 6 scenario 4 evidence requirement","phase6-mandatory-matrix.test.ts; PHASE-6-STATUS.md","OpenClaw","Live/stage residual unproven","Codex verify"
"phase.6.scenario.4.risk","risk","INPL","Phase 6 scenario 4 residual risk","phase6-mandatory-matrix.test.ts; PHASE-6-STATUS.md","OpenClaw","Live/stage residual unproven","Codex assess residual risk"
"phase.6.scenario.4.task","task","INPL","Phase 6 mandatory scenario 4","phase6-mandatory-matrix.test.ts; PHASE-6-STATUS.md","OpenClaw","Live/stage residual unproven","Codex verify"
"phase.6.scenario.4.test","test","INPL","Phase 6 scenario 4 test evidence","phase6-mandatory-matrix.test.ts; PHASE-6-STATUS.md","OpenClaw","Live/stage residual unproven","Codex verify"
"phase.6.scenario.5.dod","dod","INPL","Phase 6 scenario 5 DoD","phase6-mandatory-matrix.test.ts; PHASE-6-STATUS.md","OpenClaw","—","Codex verify DoD"
"phase.6.scenario.5.evidence_requirement","evidence_requirement","INPL","Phase 6 scenario 5 evidence requirement","phase6-mandatory-matrix.test.ts; PHASE-6-STATUS.md","OpenClaw","Live/stage residual unproven","Codex verify"
"phase.6.scenario.5.risk","risk","INPL","Phase 6 scenario 5 residual risk","phase6-mandatory-matrix.test.ts; PHASE-6-STATUS.md","OpenClaw","Live/stage residual unproven","Codex assess residual risk"
"phase.6.scenario.5.task","task","INPL","Phase 6 mandatory scenario 5","phase6-mandatory-matrix.test.ts; PHASE-6-STATUS.md","OpenClaw","Live/stage residual unproven","Codex verify"
"phase.6.scenario.5.test","test","INPL","Phase 6 scenario 5 test evidence","phase6-mandatory-matrix.test.ts; PHASE-6-STATUS.md","OpenClaw","Live/stage residual unproven","Codex verify"
"phase.6.scenario.6.dod","dod","INPL","Phase 6 scenario 6 DoD","phase6-mandatory-matrix.test.ts; PHASE-6-STATUS.md","OpenClaw","—","Codex verify DoD"
"phase.6.scenario.6.evidence_requirement","evidence_requirement","INPL","Phase 6 scenario 6 evidence requirement","phase6-mandatory-matrix.test.ts; PHASE-6-STATUS.md","OpenClaw","Live/stage residual unproven","Codex verify"
"phase.6.scenario.6.risk","risk","INPL","Phase 6 scenario 6 residual risk","phase6-mandatory-matrix.test.ts; PHASE-6-STATUS.md","OpenClaw","Live/stage residual unproven","Codex assess residual risk"
"phase.6.scenario.6.task","task","INPL","Phase 6 mandatory scenario 6","phase6-mandatory-matrix.test.ts; PHASE-6-STATUS.md","OpenClaw","Live/stage residual unproven","Codex verify"
"phase.6.scenario.6.test","test","INPL","Phase 6 scenario 6 test evidence","phase6-mandatory-matrix.test.ts; PHASE-6-STATUS.md","OpenClaw","Live/stage residual unproven","Codex verify"
"phase.6.scenario.7.dod","dod","INPL","Phase 6 scenario 7 DoD","phase6-mandatory-matrix.test.ts; PHASE-6-STATUS.md","OpenClaw","—","Codex verify DoD"
"phase.6.scenario.7.evidence_requirement","evidence_requirement","INPL","Phase 6 scenario 7 evidence requirement","phase6-mandatory-matrix.test.ts; PHASE-6-STATUS.md","OpenClaw","Live/stage residual unproven","Codex verify"
"phase.6.scenario.7.risk","risk","INPL","Phase 6 scenario 7 residual risk","phase6-mandatory-matrix.test.ts; PHASE-6-STATUS.md","OpenClaw","Live/stage residual unproven","Codex assess residual risk"
"phase.6.scenario.7.task","task","INPL","Phase 6 mandatory scenario 7","phase6-mandatory-matrix.test.ts; PHASE-6-STATUS.md","OpenClaw","Live/stage residual unproven","Codex verify"
"phase.6.scenario.7.test","test","INPL","Phase 6 scenario 7 test evidence","phase6-mandatory-matrix.test.ts; PHASE-6-STATUS.md","OpenClaw","Live/stage residual unproven","Codex verify"
"phase.6.scenario.8.dod","dod","INPL","Phase 6 scenario 8 DoD","phase6-mandatory-matrix.test.ts; PHASE-6-STATUS.md","OpenClaw","—","Codex verify DoD"
"phase.6.scenario.8.evidence_requirement","evidence_requirement","INPL","Phase 6 scenario 8 evidence requirement","phase6-mandatory-matrix.test.ts; PHASE-6-STATUS.md","OpenClaw","Live/stage residual unproven","Codex verify"
"phase.6.scenario.8.risk","risk","INPL","Phase 6 scenario 8 residual risk","phase6-mandatory-matrix.test.ts; PHASE-6-STATUS.md","OpenClaw","Live/stage residual unproven","Codex assess residual risk"
"phase.6.scenario.8.task","task","INPL","Phase 6 mandatory scenario 8","phase6-mandatory-matrix.test.ts; PHASE-6-STATUS.md","OpenClaw","Live/stage residual unproven","Codex verify"
"phase.6.scenario.8.test","test","INPL","Phase 6 scenario 8 test evidence","phase6-mandatory-matrix.test.ts; PHASE-6-STATUS.md","OpenClaw","Live/stage residual unproven","Codex verify"
"phase.6.scenario.9.dod","dod","INPL","Phase 6 scenario 9 DoD","phase6-mandatory-matrix.test.ts; PHASE-6-STATUS.md","OpenClaw","—","Codex verify DoD"
"phase.6.scenario.9.evidence_requirement","evidence_requirement","INPL","Phase 6 scenario 9 evidence requirement","phase6-mandatory-matrix.test.ts; PHASE-6-STATUS.md","OpenClaw","Live/stage residual unproven","Codex verify"
"phase.6.scenario.9.risk","risk","INPL","Phase 6 scenario 9 residual risk","phase6-mandatory-matrix.test.ts; PHASE-6-STATUS.md","OpenClaw","Live/stage residual unproven","Codex assess residual risk"
"phase.6.scenario.9.task","task","INPL","Phase 6 mandatory scenario 9","phase6-mandatory-matrix.test.ts; PHASE-6-STATUS.md","OpenClaw","Live/stage residual unproven","Codex verify"
"phase.6.scenario.9.test","test","INPL","Phase 6 scenario 9 test evidence","phase6-mandatory-matrix.test.ts; PHASE-6-STATUS.md","OpenClaw","Live/stage residual unproven","Codex verify"
"phase.6.scenario.platform_audit_correlation.dod","dod","BLOCK","DoD for Platform audit correlation rejection","SKIPPED_PLATFORM_LIVE","Platform","Needs Phase 7 live APIs","Remain blocked"
"phase.6.scenario.platform_audit_correlation.evidence_requirement","evidence_requirement","BLOCK","Evidence requirement for Platform audit correlation rejection","SKIPPED_PLATFORM_LIVE","Platform","Needs Phase 7 live APIs","Remain blocked"
"phase.6.scenario.platform_audit_correlation.risk","risk","BLOCK","Risk for Platform audit correlation rejection","SKIPPED_PLATFORM_LIVE","Platform","Needs Phase 7 live APIs","Remain blocked"
"phase.6.scenario.platform_audit_correlation.task","task","BLOCK","Platform audit correlation rejection","SKIPPED_PLATFORM_LIVE","Platform","Needs Phase 7 live APIs","Remain blocked"
"phase.6.scenario.platform_audit_correlation.test","test","BLOCK","Test/evidence for Platform audit correlation rejection","SKIPPED_PLATFORM_LIVE","Platform","Needs Phase 7 live APIs","Remain blocked"
"phase.6.scenario.platform_credential_issuer_revoke.dod","dod","BLOCK","DoD for Real Platform credential issuer revoke","SKIPPED_PLATFORM_LIVE","Platform","Needs Phase 7 live APIs","Remain blocked"
"phase.6.scenario.platform_credential_issuer_revoke.evidence_requirement","evidence_requirement","BLOCK","Evidence requirement for Real Platform credential issuer revoke","SKIPPED_PLATFORM_LIVE","Platform","Needs Phase 7 live APIs","Remain blocked"
"phase.6.scenario.platform_credential_issuer_revoke.risk","risk","BLOCK","Risk for Real Platform credential issuer revoke","SKIPPED_PLATFORM_LIVE","Platform","Needs Phase 7 live APIs","Remain blocked"
"phase.6.scenario.platform_credential_issuer_revoke.task","task","BLOCK","Real Platform credential issuer revoke","SKIPPED_PLATFORM_LIVE","Platform","Needs Phase 7 live APIs","Remain blocked"
"phase.6.scenario.platform_credential_issuer_revoke.test","test","BLOCK","Test/evidence for Real Platform credential issuer revoke","SKIPPED_PLATFORM_LIVE","Platform","Needs Phase 7 live APIs","Remain blocked"
"phase.6.task","task","INPL","Phase 6 task: Integrated local isolated QA","phase6-mandatory-matrix.test.ts; PHASE-6-STATUS.md","OpenClaw","Live/stage residual unproven","Codex verify"
"phase.7.dod","dod","BLOCK","Phase 7 definition of done","PHASE-*-STATUS-BLOCKED.md","Multi","Not started; external/stage/prod gates","Remain blocked until prerequisites clear"
"phase.7.evidence_requirement","evidence_requirement","BLOCK","Phase 7 evidence requirement","PHASE-*-STATUS-BLOCKED.md","Multi","Not started; external/stage/prod gates","Remain blocked until prerequisites clear"
"phase.7.risk","risk","BLOCK","Phase 7 residual risk","PHASE-*-STATUS-BLOCKED.md","Multi","Not started; external/stage/prod gates","Remain blocked until prerequisites clear"
"phase.7.task","task","BLOCK","Phase 7 task: Platform stage readiness gate","PHASE-*-STATUS-BLOCKED.md","Multi","Not started; external/stage/prod gates","Remain blocked until prerequisites clear"
"phase.8.dod","dod","BLOCK","Phase 8 definition of done","PHASE-*-STATUS-BLOCKED.md","Multi","Not started; external/stage/prod gates","Remain blocked until prerequisites clear"
"phase.8.evidence_requirement","evidence_requirement","BLOCK","Phase 8 evidence requirement","PHASE-*-STATUS-BLOCKED.md","Multi","Not started; external/stage/prod gates","Remain blocked until prerequisites clear"
"phase.8.risk","risk","BLOCK","Phase 8 residual risk","PHASE-*-STATUS-BLOCKED.md","Multi","Not started; external/stage/prod gates","Remain blocked until prerequisites clear"
"phase.8.task","task","BLOCK","Phase 8 task: Brain stage shadow write canary","PHASE-*-STATUS-BLOCKED.md","Multi","Not started; external/stage/prod gates","Remain blocked until prerequisites clear"
"phase.9.dod","dod","BLOCK","Phase 9 definition of done","PHASE-*-STATUS-BLOCKED.md","Multi","Not started; external/stage/prod gates","Remain blocked until prerequisites clear"
"phase.9.evidence_requirement","evidence_requirement","BLOCK","Phase 9 evidence requirement","PHASE-*-STATUS-BLOCKED.md","Multi","Not started; external/stage/prod gates","Remain blocked until prerequisites clear"
"phase.9.risk","risk","BLOCK","Phase 9 residual risk","PHASE-*-STATUS-BLOCKED.md","Multi","Not started; external/stage/prod gates","Remain blocked until prerequisites clear"
"phase.9.task","task","BLOCK","Phase 9 task: Skills stage canary","PHASE-*-STATUS-BLOCKED.md","Multi","Not started; external/stage/prod gates","Remain blocked until prerequisites clear"
"req.authclaims_consumer_shape.dod","dod","INPL","DoD for AuthClaims consumer shape 1.1.0","auth-claims-1.1 tests; fixtures","OpenClaw","—","Codex verify DoD"
"req.authclaims_consumer_shape.evidence_requirement","evidence_requirement","INPL","Evidence requirement for AuthClaims consumer shape 1.1.0","auth-claims-1.1 tests; fixtures","OpenClaw","Live/stage residual unproven","Codex verify"
"req.authclaims_consumer_shape.risk","risk","INPL","Risk for AuthClaims consumer shape 1.1.0","auth-claims-1.1 tests; fixtures","OpenClaw","Live/stage residual unproven","Codex assess residual risk"
"req.authclaims_consumer_shape.task","task","INPL","AuthClaims consumer shape 1.1.0","auth-claims-1.1 tests; fixtures","OpenClaw","Live/stage residual unproven","Codex verify"
"req.authclaims_consumer_shape.test","test","INPL","Test for AuthClaims consumer shape 1.1.0","auth-claims-1.1 tests; fixtures","OpenClaw","Live/stage residual unproven","Codex verify"
"req.authclaims_owner_gate.dod","dod","PART","DoD for AuthClaims fixture-owner gate","FIXTURE-OWNER-SIGNOFF.md; COUNTERSIGN-REQUEST-WAVE8","Owners","PENDING countersign (deferred past Codex)","Countersign after Codex confirms tip + aggregates"
"req.authclaims_owner_gate.evidence_requirement","evidence_requirement","PART","Evidence requirement for AuthClaims fixture-owner gate","FIXTURE-OWNER-SIGNOFF.md; COUNTERSIGN-REQUEST-WAVE8","Owners","PENDING countersign (deferred past Codex)","Countersign after Codex confirms tip + aggregates"
"req.authclaims_owner_gate.risk","risk","PART","Risk for AuthClaims fixture-owner gate","FIXTURE-OWNER-SIGNOFF.md; COUNTERSIGN-REQUEST-WAVE8","Owners","PENDING countersign (deferred past Codex)","Countersign after Codex confirms tip + aggregates"
"req.authclaims_owner_gate.task","task","PART","AuthClaims fixture-owner gate","FIXTURE-OWNER-SIGNOFF.md; COUNTERSIGN-REQUEST-WAVE8","Owners","PENDING countersign (deferred past Codex)","Countersign after Codex confirms tip + aggregates"
"req.authclaims_owner_gate.test","test","PART","Test for AuthClaims fixture-owner gate","FIXTURE-OWNER-SIGNOFF.md; COUNTERSIGN-REQUEST-WAVE8","Owners","PENDING countersign (deferred past Codex)","Countersign after Codex confirms tip + aggregates"
"req.bounded_hooks_enqueue_shutdown.dod","dod","INPL","DoD for Bounded hooks enqueue shutdown","extensions/linkbrain/**; extensions/linkskills/**; MCP seam tests; tip suite 31/203","OpenClaw","—","Codex verify DoD"
"req.bounded_hooks_enqueue_shutdown.evidence_requirement","evidence_requirement","INPL","Evidence requirement for Bounded hooks enqueue shutdown","extensions/linkbrain/**; extensions/linkskills/**; MCP seam tests; tip suite 31/203","OpenClaw","Live/stage residual unproven","Codex verify"
"req.bounded_hooks_enqueue_shutdown.risk","risk","INPL","Risk for Bounded hooks enqueue shutdown","extensions/linkbrain/**; extensions/linkskills/**; MCP seam tests; tip suite 31/203","OpenClaw","Live/stage residual unproven","Codex assess residual risk"
"req.bounded_hooks_enqueue_shutdown.task","task","INPL","Bounded hooks enqueue shutdown","extensions/linkbrain/**; extensions/linkskills/**; MCP seam tests; tip suite 31/203","OpenClaw","Live/stage residual unproven","Codex verify"
"req.bounded_hooks_enqueue_shutdown.test","test","INPL","Test for Bounded hooks enqueue shutdown","extensions/linkbrain/**; extensions/linkskills/**; MCP seam tests; tip suite 31/203","OpenClaw","Live/stage residual unproven","Codex verify"
"req.brain_conversation_hooks_only.dod","dod","INPL","DoD for Brain conversation hooks only","extensions/linkbrain/**; extensions/linkskills/**; MCP seam tests; tip suite 31/203","OpenClaw","—","Codex verify DoD"
"req.brain_conversation_hooks_only.evidence_requirement","evidence_requirement","INPL","Evidence requirement for Brain conversation hooks only","extensions/linkbrain/**; extensions/linkskills/**; MCP seam tests; tip suite 31/203","OpenClaw","Live/stage residual unproven","Codex verify"
"req.brain_conversation_hooks_only.risk","risk","INPL","Risk for Brain conversation hooks only","extensions/linkbrain/**; extensions/linkskills/**; MCP seam tests; tip suite 31/203","OpenClaw","Live/stage residual unproven","Codex assess residual risk"
"req.brain_conversation_hooks_only.task","task","INPL","Brain conversation hooks only","extensions/linkbrain/**; extensions/linkskills/**; MCP seam tests; tip suite 31/203","OpenClaw","Live/stage residual unproven","Codex verify"
"req.brain_conversation_hooks_only.test","test","INPL","Test for Brain conversation hooks only","extensions/linkbrain/**; extensions/linkskills/**; MCP seam tests; tip suite 31/203","OpenClaw","Live/stage residual unproven","Codex verify"
"req.durable_outboxes_reject_new.dod","dod","INPL","DoD for Durable outboxes reject-new","extensions/linkbrain/**; extensions/linkskills/**; MCP seam tests; tip suite 31/203","OpenClaw","—","Codex verify DoD"
"req.durable_outboxes_reject_new.evidence_requirement","evidence_requirement","INPL","Evidence requirement for Durable outboxes reject-new","extensions/linkbrain/**; extensions/linkskills/**; MCP seam tests; tip suite 31/203","OpenClaw","Live/stage residual unproven","Codex verify"
"req.durable_outboxes_reject_new.risk","risk","INPL","Risk for Durable outboxes reject-new","extensions/linkbrain/**; extensions/linkskills/**; MCP seam tests; tip suite 31/203","OpenClaw","Live/stage residual unproven","Codex assess residual risk"
"req.durable_outboxes_reject_new.task","task","INPL","Durable outboxes reject-new","extensions/linkbrain/**; extensions/linkskills/**; MCP seam tests; tip suite 31/203","OpenClaw","Live/stage residual unproven","Codex verify"
"req.durable_outboxes_reject_new.test","test","INPL","Test for Durable outboxes reject-new","extensions/linkbrain/**; extensions/linkskills/**; MCP seam tests; tip suite 31/203","OpenClaw","Live/stage residual unproven","Codex verify"
"req.feature_flags_invoke_helpers.dod","dod","INPL","DoD for Feature flags to invoke helpers no bypass","extensions/linkbrain/**; extensions/linkskills/**; MCP seam tests; tip suite 31/203","OpenClaw","—","Codex verify DoD"
"req.feature_flags_invoke_helpers.evidence_requirement","evidence_requirement","INPL","Evidence requirement for Feature flags to invoke helpers no bypass","extensions/linkbrain/**; extensions/linkskills/**; MCP seam tests; tip suite 31/203","OpenClaw","Live/stage residual unproven","Codex verify"
"req.feature_flags_invoke_helpers.risk","risk","INPL","Risk for Feature flags to invoke helpers no bypass","extensions/linkbrain/**; extensions/linkskills/**; MCP seam tests; tip suite 31/203","OpenClaw","Live/stage residual unproven","Codex assess residual risk"
"req.feature_flags_invoke_helpers.task","task","INPL","Feature flags to invoke helpers no bypass","extensions/linkbrain/**; extensions/linkskills/**; MCP seam tests; tip suite 31/203","OpenClaw","Live/stage residual unproven","Codex verify"
"req.feature_flags_invoke_helpers.test","test","INPL","Test for Feature flags to invoke helpers no bypass","extensions/linkbrain/**; extensions/linkskills/**; MCP seam tests; tip suite 31/203","OpenClaw","Live/stage residual unproven","Codex verify"
"req.feature_flags_mcp_toolfilter.dod","dod","INPL","DoD for Feature flags to managed MCP toolFilter","MCP-TOOLFILTER-SDK-SEAM-IMPLEMENTED.md; catalog/hot tests; feature-flags","OpenClaw","—","Codex verify DoD"
"req.feature_flags_mcp_toolfilter.evidence_requirement","evidence_requirement","INPL","Evidence requirement for Feature flags to managed MCP toolFilter","MCP-TOOLFILTER-SDK-SEAM-IMPLEMENTED.md; catalog/hot tests; feature-flags","OpenClaw","Live/stage residual unproven","Codex verify"
"req.feature_flags_mcp_toolfilter.risk","risk","INPL","Risk for Feature flags to managed MCP toolFilter","MCP-TOOLFILTER-SDK-SEAM-IMPLEMENTED.md; catalog/hot tests; feature-flags","OpenClaw","Live/stage residual unproven","Codex assess residual risk"
"req.feature_flags_mcp_toolfilter.task","task","INPL","Feature flags to managed MCP toolFilter","MCP-TOOLFILTER-SDK-SEAM-IMPLEMENTED.md; catalog/hot tests; feature-flags","OpenClaw","Live/stage residual unproven","Codex verify"
"req.feature_flags_mcp_toolfilter.test","test","INPL","Test for Feature flags to managed MCP toolFilter","MCP-TOOLFILTER-SDK-SEAM-IMPLEMENTED.md; catalog/hot tests; feature-flags","OpenClaw","Live/stage residual unproven","Codex verify"
"req.fourteen_runbooks_non_live.dod","dod","INPL","DoD for Fourteen runbooks non-live","extensions/linkbrain/**; extensions/linkskills/**; MCP seam tests; tip suite 31/203","OpenClaw","—","Codex verify DoD"
"req.fourteen_runbooks_non_live.evidence_requirement","evidence_requirement","INPL","Evidence requirement for Fourteen runbooks non-live","extensions/linkbrain/**; extensions/linkskills/**; MCP seam tests; tip suite 31/203","OpenClaw","Live/stage residual unproven","Codex verify"
"req.fourteen_runbooks_non_live.risk","risk","INPL","Risk for Fourteen runbooks non-live","extensions/linkbrain/**; extensions/linkskills/**; MCP seam tests; tip suite 31/203","OpenClaw","Live/stage residual unproven","Codex assess residual risk"
"req.fourteen_runbooks_non_live.task","task","INPL","Fourteen runbooks non-live","extensions/linkbrain/**; extensions/linkskills/**; MCP seam tests; tip suite 31/203","OpenClaw","Live/stage residual unproven","Codex verify"
"req.fourteen_runbooks_non_live.test","test","INPL","Test for Fourteen runbooks non-live","extensions/linkbrain/**; extensions/linkskills/**; MCP seam tests; tip suite 31/203","OpenClaw","Live/stage residual unproven","Codex verify"
"req.independent_drain_workers.dod","dod","INPL","DoD for Independent drain workers flushIntervalMs","extensions/linkbrain/**; extensions/linkskills/**; MCP seam tests; tip suite 31/203","OpenClaw","—","Codex verify DoD"
"req.independent_drain_workers.evidence_requirement","evidence_requirement","INPL","Evidence requirement for Independent drain workers flushIntervalMs","extensions/linkbrain/**; extensions/linkskills/**; MCP seam tests; tip suite 31/203","OpenClaw","Live/stage residual unproven","Codex verify"
"req.independent_drain_workers.risk","risk","INPL","Risk for Independent drain workers flushIntervalMs","extensions/linkbrain/**; extensions/linkskills/**; MCP seam tests; tip suite 31/203","OpenClaw","Live/stage residual unproven","Codex assess residual risk"
"req.independent_drain_workers.task","task","INPL","Independent drain workers flushIntervalMs","extensions/linkbrain/**; extensions/linkskills/**; MCP seam tests; tip suite 31/203","OpenClaw","Live/stage residual unproven","Codex verify"
"req.independent_drain_workers.test","test","INPL","Test for Independent drain workers flushIntervalMs","extensions/linkbrain/**; extensions/linkskills/**; MCP seam tests; tip suite 31/203","OpenClaw","Live/stage residual unproven","Codex verify"
"req.lisa_live_enablement_nongoal.dod","dod","OMIT","DoD for Lisa live enablement explicit non-goal","—","Principal","Explicit non-goal","No action"
"req.lisa_live_enablement_nongoal.evidence_requirement","evidence_requirement","OMIT","Evidence requirement for Lisa live enablement explicit non-goal","—","Principal","Explicit non-goal","No action"
"req.lisa_live_enablement_nongoal.risk","risk","OMIT","Risk for Lisa live enablement explicit non-goal","—","Principal","Explicit non-goal","No action"
"req.lisa_live_enablement_nongoal.task","task","OMIT","Lisa live enablement explicit non-goal","—","Principal","Explicit non-goal","No action"
"req.lisa_live_enablement_nongoal.test","test","OMIT","Test for Lisa live enablement explicit non-goal","—","Principal","Explicit non-goal","No action"
"req.live_platform_contact_nongoal.dod","dod","OMIT","DoD for Live Platform contact explicit non-goal","—","Principal","Explicit non-goal","No action"
"req.live_platform_contact_nongoal.evidence_requirement","evidence_requirement","OMIT","Evidence requirement for Live Platform contact explicit non-goal","—","Principal","Explicit non-goal","No action"
"req.live_platform_contact_nongoal.risk","risk","OMIT","Risk for Live Platform contact explicit non-goal","—","Principal","Explicit non-goal","No action"
"req.live_platform_contact_nongoal.task","task","OMIT","Live Platform contact explicit non-goal","—","Principal","Explicit non-goal","No action"
"req.live_platform_contact_nongoal.test","test","OMIT","Test for Live Platform contact explicit non-goal","—","Principal","Explicit non-goal","No action"
"req.mcp_deny_all_metadata.dod","dod","INPL","DoD for MCP deny-all metadata not include empty","MCP-TOOLFILTER-SDK-SEAM-IMPLEMENTED.md; catalog/hot tests; feature-flags","OpenClaw","—","Codex verify DoD"
"req.mcp_deny_all_metadata.evidence_requirement","evidence_requirement","INPL","Evidence requirement for MCP deny-all metadata not include empty","MCP-TOOLFILTER-SDK-SEAM-IMPLEMENTED.md; catalog/hot tests; feature-flags","OpenClaw","Live/stage residual unproven","Codex verify"
"req.mcp_deny_all_metadata.risk","risk","INPL","Risk for MCP deny-all metadata not include empty","MCP-TOOLFILTER-SDK-SEAM-IMPLEMENTED.md; catalog/hot tests; feature-flags","OpenClaw","Live/stage residual unproven","Codex assess residual risk"
"req.mcp_deny_all_metadata.task","task","INPL","MCP deny-all metadata not include empty","MCP-TOOLFILTER-SDK-SEAM-IMPLEMENTED.md; catalog/hot tests; feature-flags","OpenClaw","Live/stage residual unproven","Codex verify"
"req.mcp_deny_all_metadata.test","test","INPL","Test for MCP deny-all metadata not include empty","MCP-TOOLFILTER-SDK-SEAM-IMPLEMENTED.md; catalog/hot tests; feature-flags","OpenClaw","Live/stage residual unproven","Codex verify"
"req.native_coexistence.dod","dod","INPL","DoD for Native coexistence under adapter failure","native-coexistence.test.ts; phase6 matrix","OpenClaw","—","Codex verify DoD"
"req.native_coexistence.evidence_requirement","evidence_requirement","INPL","Evidence requirement for Native coexistence under adapter failure","native-coexistence.test.ts; phase6 matrix","OpenClaw","Live/stage residual unproven","Codex verify"
"req.native_coexistence.risk","risk","INPL","Risk for Native coexistence under adapter failure","native-coexistence.test.ts; phase6 matrix","OpenClaw","Live/stage residual unproven","Codex assess residual risk"
"req.native_coexistence.task","task","INPL","Native coexistence under adapter failure","native-coexistence.test.ts; phase6 matrix","OpenClaw","Live/stage residual unproven","Codex verify"
"req.native_coexistence.test","test","INPL","Test for Native coexistence under adapter failure","native-coexistence.test.ts; phase6 matrix","OpenClaw","Live/stage residual unproven","Codex verify"
"req.operator_ceiling_intersect.dod","dod","INPL","DoD for Operator ceiling intersect plugin tools utilities","MCP-TOOLFILTER-SDK-SEAM-IMPLEMENTED.md; catalog/hot tests; feature-flags","OpenClaw","—","Codex verify DoD"
"req.operator_ceiling_intersect.evidence_requirement","evidence_requirement","INPL","Evidence requirement for Operator ceiling intersect plugin tools utilities","MCP-TOOLFILTER-SDK-SEAM-IMPLEMENTED.md; catalog/hot tests; feature-flags","OpenClaw","Live/stage residual unproven","Codex verify"
"req.operator_ceiling_intersect.risk","risk","INPL","Risk for Operator ceiling intersect plugin tools utilities","MCP-TOOLFILTER-SDK-SEAM-IMPLEMENTED.md; catalog/hot tests; feature-flags","OpenClaw","Live/stage residual unproven","Codex assess residual risk"
"req.operator_ceiling_intersect.task","task","INPL","Operator ceiling intersect plugin tools utilities","MCP-TOOLFILTER-SDK-SEAM-IMPLEMENTED.md; catalog/hot tests; feature-flags","OpenClaw","Live/stage residual unproven","Codex verify"
"req.operator_ceiling_intersect.test","test","INPL","Test for Operator ceiling intersect plugin tools utilities","MCP-TOOLFILTER-SDK-SEAM-IMPLEMENTED.md; catalog/hot tests; feature-flags","OpenClaw","Live/stage residual unproven","Codex verify"
"req.plugin_test_api_unregister.dod","dod","INPL","DoD for Plugin test API unregisterMcpServerToolFilter","src/plugin-sdk/plugin-test-api.ts; plugin-test-api.test.ts","OpenClaw","—","Codex verify DoD"
"req.plugin_test_api_unregister.evidence_requirement","evidence_requirement","INPL","Evidence requirement for Plugin test API unregisterMcpServerToolFilter","src/plugin-sdk/plugin-test-api.ts; plugin-test-api.test.ts","OpenClaw","Live/stage residual unproven","Codex verify"
"req.plugin_test_api_unregister.risk","risk","INPL","Risk for Plugin test API unregisterMcpServerToolFilter","src/plugin-sdk/plugin-test-api.ts; plugin-test-api.test.ts","OpenClaw","Live/stage residual unproven","Codex assess residual risk"
"req.plugin_test_api_unregister.task","task","INPL","Plugin test API unregisterMcpServerToolFilter","src/plugin-sdk/plugin-test-api.ts; plugin-test-api.test.ts","OpenClaw","Live/stage residual unproven","Codex verify"
"req.plugin_test_api_unregister.test","test","INPL","Test for Plugin test API unregisterMcpServerToolFilter","src/plugin-sdk/plugin-test-api.ts; plugin-test-api.test.ts","OpenClaw","Live/stage residual unproven","Codex verify"
"req.repo_boundary_extension_imports.dod","dod","INPL","DoD for Repository boundary extension import rules","test/extension-test-boundary.test.ts; check-*-boundary scripts","OpenClaw","—","Codex verify DoD"
"req.repo_boundary_extension_imports.evidence_requirement","evidence_requirement","INPL","Evidence requirement for Repository boundary extension import rules","test/extension-test-boundary.test.ts; check-*-boundary scripts","OpenClaw","Live/stage residual unproven","Codex verify"
"req.repo_boundary_extension_imports.risk","risk","INPL","Risk for Repository boundary extension import rules","test/extension-test-boundary.test.ts; check-*-boundary scripts","OpenClaw","Live/stage residual unproven","Codex assess residual risk"
"req.repo_boundary_extension_imports.task","task","INPL","Repository boundary extension import rules","test/extension-test-boundary.test.ts; check-*-boundary scripts","OpenClaw","Live/stage residual unproven","Codex verify"
"req.repo_boundary_extension_imports.test","test","INPL","Test for Repository boundary extension import rules","test/extension-test-boundary.test.ts; check-*-boundary scripts","OpenClaw","Live/stage residual unproven","Codex verify"
"req.same_runtime_hot_invalidation.dod","dod","INPL","DoD for Same-runtime hot invalidation","MCP-TOOLFILTER-SDK-SEAM-IMPLEMENTED.md; catalog/hot tests; feature-flags","OpenClaw","—","Codex verify DoD"
"req.same_runtime_hot_invalidation.evidence_requirement","evidence_requirement","INPL","Evidence requirement for Same-runtime hot invalidation","MCP-TOOLFILTER-SDK-SEAM-IMPLEMENTED.md; catalog/hot tests; feature-flags","OpenClaw","Live/stage residual unproven","Codex verify"
"req.same_runtime_hot_invalidation.risk","risk","INPL","Risk for Same-runtime hot invalidation","MCP-TOOLFILTER-SDK-SEAM-IMPLEMENTED.md; catalog/hot tests; feature-flags","OpenClaw","Live/stage residual unproven","Codex assess residual risk"
"req.same_runtime_hot_invalidation.task","task","INPL","Same-runtime hot invalidation","MCP-TOOLFILTER-SDK-SEAM-IMPLEMENTED.md; catalog/hot tests; feature-flags","OpenClaw","Live/stage residual unproven","Codex verify"
"req.same_runtime_hot_invalidation.test","test","INPL","Test for Same-runtime hot invalidation","MCP-TOOLFILTER-SDK-SEAM-IMPLEMENTED.md; catalog/hot tests; feature-flags","OpenClaw","Live/stage residual unproven","Codex verify"
"req.section_13_3_ledger_complete.dod","dod","INPL","DoD for Section 13.3 ledger completeness","section-13.3/inventory.json; PHASE-14-CLASSIFICATION-EVIDENCE-INDEX.md; check script","OpenClaw","—","Codex verify DoD"
"req.section_13_3_ledger_complete.evidence_requirement","evidence_requirement","INPL","Evidence requirement for Section 13.3 ledger completeness","section-13.3/inventory.json; PHASE-14-CLASSIFICATION-EVIDENCE-INDEX.md; check script","OpenClaw","Live/stage residual unproven","Codex verify"
"req.section_13_3_ledger_complete.risk","risk","INPL","Risk for Section 13.3 ledger completeness","section-13.3/inventory.json; PHASE-14-CLASSIFICATION-EVIDENCE-INDEX.md; check script","OpenClaw","Live/stage residual unproven","Codex assess residual risk"
"req.section_13_3_ledger_complete.task","task","INPL","Section 13.3 ledger completeness","section-13.3/inventory.json; PHASE-14-CLASSIFICATION-EVIDENCE-INDEX.md; check script","OpenClaw","Live/stage residual unproven","Codex verify"
"req.section_13_3_ledger_complete.test","test","INPL","Test for Section 13.3 ledger completeness","section-13.3/inventory.json; PHASE-14-CLASSIFICATION-EVIDENCE-INDEX.md; check script","OpenClaw","Live/stage residual unproven","Codex verify"
"req.skills_after_tool_call.dod","dod","INPL","DoD for Skills skills_* via after_tool_call","extensions/linkbrain/**; extensions/linkskills/**; MCP seam tests; tip suite 31/203","OpenClaw","—","Codex verify DoD"
"req.skills_after_tool_call.evidence_requirement","evidence_requirement","INPL","Evidence requirement for Skills skills_* via after_tool_call","extensions/linkbrain/**; extensions/linkskills/**; MCP seam tests; tip suite 31/203","OpenClaw","Live/stage residual unproven","Codex verify"
"req.skills_after_tool_call.risk","risk","INPL","Risk for Skills skills_* via after_tool_call","extensions/linkbrain/**; extensions/linkskills/**; MCP seam tests; tip suite 31/203","OpenClaw","Live/stage residual unproven","Codex assess residual risk"
"req.skills_after_tool_call.task","task","INPL","Skills skills_* via after_tool_call","extensions/linkbrain/**; extensions/linkskills/**; MCP seam tests; tip suite 31/203","OpenClaw","Live/stage residual unproven","Codex verify"
"req.skills_after_tool_call.test","test","INPL","Test for Skills skills_* via after_tool_call","extensions/linkbrain/**; extensions/linkskills/**; MCP seam tests; tip suite 31/203","OpenClaw","Live/stage residual unproven","Codex verify"
"req.skills_allowlisted_schemas.dod","dod","INPL","DoD for Allowlisted Skills schemas","extensions/linkbrain/**; extensions/linkskills/**; MCP seam tests; tip suite 31/203","OpenClaw","—","Codex verify DoD"
"req.skills_allowlisted_schemas.evidence_requirement","evidence_requirement","INPL","Evidence requirement for Allowlisted Skills schemas","extensions/linkbrain/**; extensions/linkskills/**; MCP seam tests; tip suite 31/203","OpenClaw","Live/stage residual unproven","Codex verify"
"req.skills_allowlisted_schemas.risk","risk","INPL","Risk for Allowlisted Skills schemas","extensions/linkbrain/**; extensions/linkskills/**; MCP seam tests; tip suite 31/203","OpenClaw","Live/stage residual unproven","Codex assess residual risk"
"req.skills_allowlisted_schemas.task","task","INPL","Allowlisted Skills schemas","extensions/linkbrain/**; extensions/linkskills/**; MCP seam tests; tip suite 31/203","OpenClaw","Live/stage residual unproven","Codex verify"
"req.skills_allowlisted_schemas.test","test","INPL","Test for Allowlisted Skills schemas","extensions/linkbrain/**; extensions/linkskills/**; MCP seam tests; tip suite 31/203","OpenClaw","Live/stage residual unproven","Codex verify"
"req.two_plugins_two_mcp.dod","dod","INPL","DoD for Two plugins two MCP independent domains","extensions/linkbrain/**; extensions/linkskills/**; MCP seam tests; tip suite 31/203","OpenClaw","—","Codex verify DoD"
"req.two_plugins_two_mcp.evidence_requirement","evidence_requirement","INPL","Evidence requirement for Two plugins two MCP independent domains","extensions/linkbrain/**; extensions/linkskills/**; MCP seam tests; tip suite 31/203","OpenClaw","Live/stage residual unproven","Codex verify"
"req.two_plugins_two_mcp.risk","risk","INPL","Risk for Two plugins two MCP independent domains","extensions/linkbrain/**; extensions/linkskills/**; MCP seam tests; tip suite 31/203","OpenClaw","Live/stage residual unproven","Codex assess residual risk"
"req.two_plugins_two_mcp.task","task","INPL","Two plugins two MCP independent domains","extensions/linkbrain/**; extensions/linkskills/**; MCP seam tests; tip suite 31/203","OpenClaw","Live/stage residual unproven","Codex verify"
"req.two_plugins_two_mcp.test","test","INPL","Test for Two plugins two MCP independent domains","extensions/linkbrain/**; extensions/linkskills/**; MCP seam tests; tip suite 31/203","OpenClaw","Live/stage residual unproven","Codex verify"
